<?xml version="1.0" encoding="ISO-8859-1"?>
<channel version="1.0" xmlns="http://pear.php.net/channel-1.0" xmlns:xsi="http://www.w3.org/2001/XMLSchema-instance" xsi:schemaLocation="http://pear.php.net/channel-1.0
http://pear.php.net/dtd/channel-1.0.xsd">
 <name>pear2.php.net</name>
 <suggestedalias>pear2</suggestedalias>
 <summary>PEAR packages for PHP 5.3+ installed by Pyrus</summary>
 <servers>
  <primary>
   <rest>

    <baseurl type="REST1.0">http://pear2.php.net/rest/</baseurl>
    <baseurl type="REST1.1">http://pear2.php.net/rest/</baseurl>
    <baseurl type="REST1.2">http://pear2.php.net/rest/</baseurl>
    <baseurl type="REST1.3">http://pear2.php.net/rest/</baseurl>
   </rest>
  </primary>
 </servers>
</channel>