<role version="2.0" xmlns="http://pear2.php.net/dtd/customrole-2.0">
 <name>data</name>
 <class>pear2\Pyrus\Installer\Role\Data</class>
 <releasetypes>php</releasetypes>
 <releasetypes>extsrc</releasetypes>
 <releasetypes>extbin</releasetypes>
 <releasetypes>zendextsrc</releasetypes>
 <releasetypes>zendextbin</releasetypes>
 <installable>1</installable>
 <locationconfig>data_dir</locationconfig>
 <honorsbaseinstall />
 <unusualbaseinstall>1</unusualbaseinstall>
 <executable />
</role>