<role version="2.0" xmlns="http://pear2.php.net/dtd/customrole-2.0">
 <name>script</name>
 <class>PEAR2\Pyrus\Installer\Role\Script</class>
 <releasetypes>php</releasetypes>
 <releasetypes>extsrc</releasetypes>
 <releasetypes>extbin</releasetypes>
 <releasetypes>zendextsrc</releasetypes>
 <releasetypes>zendextbin</releasetypes>
 <installable>1</installable>
 <locationconfig>bin_dir</locationconfig>
 <honorsbaseinstall>1</honorsbaseinstall>
 <unusualbaseinstall />
 <executable>1</executable>
</role>