<?xml version="1.0" encoding="UTF-8"?>
<channel version="1.0" xmlns="http://pear.php.net/channel-1.0" xmlns:xsi="http://www.w3.org/2001/XMLSchema-instance" xsi:schemaLocation="http://pear.php.net/channel-1.0 http://pear.php.net/dtd/channel-1.0.xsd">
 <name>doc.php.net</name>
 <summary>PHP Documentation team</summary>
 <suggestedalias>phpdocs</suggestedalias>
 <servers>
  <primary>
   <rest>
    <baseurl type="REST1.0">http://doc.php.net/rest/</baseurl>
    <baseurl type="REST1.1">http://doc.php.net/rest/</baseurl>
   </rest>
  </primary>
 </servers>
</channel>
